id,path,category,migration_strategy,authority_status,target_replacement,writers,readers,update,durability,ordering,ack,recovery,duplicate_handling,freshness,migration_risk,rollback_class,architectural_debt,phase,notes
ORC-01,orchestration/signals.jsonl,AUTHORITATIVE_STATE,TAILER_INGEST,AUTHORITATIVE for 'signal exists'; also used as a queue,"signals table (PK signal_id, canonical_hash) + outbox event signal.entry.created",signal_orchestrator.poll_once via OrchestrationStore.append (unique_key=signal_id),live_execution_consumer.source_records; control_api; orchestrator report/CLI,append-only; whole-file scan for unique_key before append (O(n)),"flush only, no fsync; single writer process assumed",file order = discovery order; no sequence number,none - consumer polls whole file every ~1s and derives 'new' by absence of an intent,re-scan; replay guard (startup_epoch) filters discovery; a torn last line breaks rows() (no tolerance),unique_key=signal_id (stable_id of identity) prevents duplicate rows,"signal_emitted_at = orchestrator discovery time, not strategy detection time",MEDIUM,CONDITIONALLY_REVERSIBLE,MULTI-ROLE: authoritative record AND consumer queue,P1-P4,
ORC-02,orchestration/route_decisions.jsonl,AUTHORITATIVE_STATE,OUTBOX_PROJECTOR,AUTHORITATIVE routing decision record (audit),"route_decisions table keyed (signal_id, stream_id)",signal_orchestrator.route_signal,control_api; report/CLI (no service consumer found),"append-only, unique_key",flush only,file order,none,regenerated on re-route only if signal not marked processed,unique_key,decision time,LOW,REVERSIBLE,,P2,
ORC-03,orchestration/sizing_decisions.jsonl,AUTHORITATIVE_STATE,OUTBOX_PROJECTOR,AUTHORITATIVE sizing record; also an input queue for execution,"sizing_decisions table + event sizing.decision.recorded (execution consumes the event, not the row set)",signal_orchestrator.route_signal,live_execution_consumer.create_intents (input to execution intent); control_api,"append-only, unique_key",flush only,file order,none - consumer re-derives which decisions lack an intent,rescan,unique_key,sizing computed against an account snapshot at routing time,HIGH,CONDITIONALLY_REVERSIBLE,MULTI-ROLE: decision record AND execution input queue,P3,
ORC-04,orchestration/tradeability_decisions.jsonl,AUTHORITATIVE_STATE,DB_ONLY,"UNVERIFIED - stream is not declared in OrchestrationStore.paths, so the append raises KeyError (verified by reading; same in the original repo HEAD)",tradeability_decisions table (if the path is proven live),signal_orchestrator.route_signal (line ~214),control_api,"append-only, unique_key",unknown,-,none,-,-,-,MEDIUM,REVERSIBLE,LATENT DEFECT: undeclared stream; runtime behaviour unknown,P0-verify,Open decision OD-01: verify against a running system whether route_signal degrades (ROUTE_DEGRADED) here.
ORC-05,orchestration/account_snapshots.jsonl,REBUILDABLE_PROJECTION,REBUILD,none - derived from broker state at routing time,"account_snapshot rows referenced by sizing_decisions (evidence, not authority)",signal_orchestrator.route_signal,control_api; sizing evidence,append-only,flush only,file order,none,-,unique_key,snapshot time,LOW,REVERSIBLE,,P2,
ORC-06,orchestration/classification_corrections.jsonl,AUTHORITATIVE_STATE,TAILER_INGEST,AUTHORITATIVE operator/system correction that changes routing/execution,signal_classification_corrections table + event,signal_orchestrator.poll_once,signal_orchestrator; live_execution_consumer.source_records,append-only,flush only,file order,none,rescan,unique key,-,MEDIUM,CONDITIONALLY_REVERSIBLE,,P2,
ORC-07,orchestration/events.jsonl,DEBUG_ARTIFACT,REBUILD,none,operational logs + audit_event table for state-changing entries,OrchestrationStore.append('events'),control_api; report,append-only,flush only,file order,none,-,none guaranteed,-,LOW,REVERSIBLE,,P2,
ORC-08,orchestration/distribution_queue.jsonl,EVENT_TRANSPORT,RETIRE,none,none now; future delivery uses subscription.delivery.* events,signal_orchestrator.route_signal,control_api and report only; NO service consumer,append-only,flush only,file order,none - nobody consumes,-,-,-,LOW,REVERSIBLE,PLACEHOLDER transport with no consumer,P6,
ORC-09,orchestration/delivery_status.jsonl,REBUILDABLE_PROJECTION,RETIRE,none,derived from signal/route/outbox state,signal_orchestrator (DELIVERY_ATTEMPTED/COMPLETE/ROUTE_DEGRADED),control_api; report only,append-only,flush only,file order,none,-,-,-,LOW,REVERSIBLE,placeholder projection,P6,
ORC-10,orchestration/state.json,CHECKPOINT,DB_ONLY,"CHECKPOINT for the orchestrator, but it also is the only 'processed' marker (correctness depends on it)",orchestrator_checkpoint row + inbox/outbox; correctness moves to constraints,"OrchestrationStore.save_state (tmp + os.replace, no fsync)",signal_orchestrator.poll_once (processed_signal_ids),whole-file replace,"atomic rename, no fsync",n/a,IS the ack of signal processing,loss => reprocessing guarded only by signals.jsonl unique_key and replay guard,processed_signal_ids grows unbounded,-,MEDIUM,CONDITIONALLY_REVERSIBLE,MULTI-ROLE: checkpoint AND correctness dedupe set,P2,
ORC-11,orchestration/startup_epoch.json (replay guard),AUTHORITATIVE_STATE,DIRECT_CUTOVER,AUTHORITATIVE: decides which historic signals are ignored (a safety boundary),"replay_watermark row per (stream, environment) with generation",orchestration.replay_guard,orchestration adapters (filter discovery by watermark),written at startup,unknown (helper),n/a,n/a,missing => guard recreated; could re-admit historic signals,n/a,watermark,HIGH,CONDITIONALLY_REVERSIBLE,,P2,
ORC-12,orchestration/<instance>-startup-baseline.json,CHECKPOINT,DB_ONLY,CHECKPOINT (which liquidity signals pre-existed),stream_baseline row per stream instance,liquidity instance publisher / orchestrator,LiquidityInstanceAdapter,replace,unknown,n/a,n/a,regenerate: risks re-emitting old signals,-,-,MEDIUM,CONDITIONALLY_REVERSIBLE,,P2,
ORC-13,"orchestration/{manifest,heartbeat,orchestrator.pid,management_health}.json + /tmp/signal-orchestrator-{shadow,real}.stop",DEBUG_ARTIFACT,DB_ONLY,none for data; PID file is de-facto process singleton,runtime_instance + heartbeat rows (lease); stop = control command in DB or signal,signal_orchestrator.run / acquire_lock,control_api; operators; scripts (PID + stop file = process control),replace / create / touch,no fsync,n/a,n/a,"PID check-then-write (TOCTOU, no lease/fencing token)",two instances possible under race,heartbeat timestamp,MEDIUM,REVERSIBLE,PID file acts as singleton lock without fencing,P1,
EXE-01,execution/execution_intents.jsonl,AUTHORITATIVE_STATE,DIRECT_CUTOVER,AUTHORITATIVE (intent existence) AND transport to the sender,"execution_intent table (PK execution_intent_id, unique idempotency_key, state machine) + event execution.intent.created",live_execution_consumer.create_intents (ExecutionStore.append),live_execution_consumer.process_intents (same process); control_api,append-only,flush only,file order,"none - intent 'done' == a decision row exists for stable_id('DEC',{intent})",restart re-derives pending intents by absence of a decision row: crash between broker send and decision append => duplicate-risk window (mitigated only by idempotency key + bridge),"intent id stable; idempotency key stable_id('REALORDER',{execution_intent_id, account_context_id})","intent_max_age 5 s, signal_max_age 120 s enforced at process time",CRITICAL,ONE_WAY_WITH_MIGRATION,MULTI-ROLE: intent record AND queue AND source of 'sent?' truth,P5,
EXE-02,execution/execution_decisions.jsonl,AUTHORITATIVE_STATE,DIRECT_CUTOVER,AUTHORITATIVE broker-send outcome,execution_attempt rows written BEFORE send (SUBMISSION_ATTEMPTED) and completed after; uncertain ack representable,live_execution_consumer.process_intents (appended AFTER broker send),live_execution_consumer (completion test); control_api,append-only,flush only,file order,its presence is the ack of the intent,missing after a crash => intent replayed,"decision id stable_id('DEC',{intent})",-,CRITICAL,ONE_WAY_WITH_MIGRATION,no durable pre-send record (smoke path already has SUBMISSION_ATTEMPTED - precedent),P5,
EXE-03,execution/events.jsonl,DEBUG_ARTIFACT,REBUILD,none,audit_event + logs,ExecutionStore,control_api,append-only,flush only,file order,none,-,-,-,LOW,REVERSIBLE,,P5,
EXE-04,execution/account_snapshots.jsonl + market_snapshots.jsonl,REBUILDABLE_PROJECTION,REBUILD,none - broker is the truth,evidence rows referenced by attempts; NO tick history in PostgreSQL,live_execution_consumer (broker refresh),control_api; evidence for sizing/execution,append-only,flush only,file order,none,-,-,per refresh,LOW,REVERSIBLE,,P5,
EXE-05,execution/execution_skips.jsonl,AUTHORITATIVE_STATE,DIRECT_CUTOVER,AUTHORITATIVE reason an intent was not sent (auditable),execution_intent terminal state SKIPPED(reason_code),live_execution_consumer (expiry/duplicate/guard skips),control_api,append-only,flush only,file order,none,-,-,-,MEDIUM,ONE_WAY_WITH_MIGRATION,,P5,
EXE-06,execution/state.json,CHECKPOINT,RETIRE,CHECKPOINT,none needed once correctness is transactional,ExecutionStore.save_state (tmp + replace),live_execution_consumer,replace,"atomic rename, no fsync",n/a,-,loss must not change correctness (derived from decisions),-,-,LOW,REVERSIBLE,,P5,
EXE-07,execution/real_state.json,AUTHORITATIVE_STATE,DIRECT_CUTOVER,AUTHORITATIVE: REAL execution armed/disarmed,"execution_authority row (armed, generation) - PART OF THE FENCE, see 08",live_execution_consumer.arm_real,live_execution_consumer; control_api,replace,atomic rename,n/a,n/a,operator re-arm,-,armed_at,CRITICAL,ONE_WAY_WITH_MIGRATION,,P5,
EXE-08,execution/real_execution_resume.json,AUTHORITATIVE_STATE,DIRECT_CUTOVER,AUTHORITATIVE execution-authority epoch (resume generation),"execution_authority_generation table (monotonic, DB-enforced) referenced by every intent",establish_execution_resume_cutoff (tmp + replace),live_execution_consumer.source_records filter,"replace; generation+1, cutoff timestamp, excluded_signal_ids",atomic rename,"generation is operator epoch, NOT a per-write fencing token",n/a,the only barrier that stops old signals from executing after an outage,-,cutoff,CRITICAL,ONE_WAY_WITH_MIGRATION,generation semantics are the migration's fence; must never be re-readable from a stale file after cutover,P5,
EXE-09,execution/real_execution_resume_generations/ (referenced by no source file),AUTHORITATIVE_STATE,DIRECT_CUTOVER,UNVERIFIED (possible historic generation archive),import as historical generations if it exists in the live runtime dir,UNKNOWN - no reference in source at baseline,UNKNOWN,unknown,unknown,-,-,-,-,-,MEDIUM,NOT_APPLICABLE,orphan-looking directory,P0-verify,Open decision OD-02: inspect live runtime dir (read-only) before P5.
EXE-10,execution/real_trades.jsonl,AUTHORITATIVE_STATE,DIRECT_CUTOVER,AUTHORITATIVE record of what this platform believes it opened (broker is the ultimate truth),broker_order / fill rows + event execution.fill.observed,live_execution_consumer (real fills/positions record),control_api; management,append-only,flush only,file order,none,reconcile with broker_state,-,-,HIGH,ONE_WAY_WITH_MIGRATION,,P5,
EXE-11,"execution/real_smoke/{smoke_state.json,events.jsonl}",DEBUG_ARTIFACT,KEEP,none,smoke tests run against DB in a dedicated environment,smoke path (writes SUBMISSION_ATTEMPTED before send),operators,append/replace,flush only,file order,-,-,-,-,LOW,REVERSIBLE,,P6,Keep for smoke; must not be required in production.
EXE-12,execution/management/execution_results.jsonl,AUTHORITATIVE_STATE,DIRECT_CUTOVER,AUTHORITATIVE result of a management action,management_execution_result rows + event management.execution.result,live_execution_consumer.process_management_intents,live_execution_consumer (completed set); control_api,append-only,flush only,file order,only COMPLETED counts as done - failed intents are retried,retry until COMPLETED,stable ids,-,CRITICAL,ONE_WAY_WITH_MIGRATION,,P5,
EXE-13,"execution/demo_{state.json,events.jsonl,trades.jsonl}",DEBUG_ARTIFACT,RETIRE,none,retire or run against DB in demo environment,execution/demo.py + consumer demo mode,control_api,mixed,flush only,-,-,-,-,-,LOW,REVERSIBLE,,P6,Open decision OD-04: is demo still used?
EXE-14,"execution/{heartbeat.json,execution.pid}",DEBUG_ARTIFACT,DIRECT_CUTOVER,PID = de-facto singleton lock,runtime_instance lease + fencing token (see 08),live_execution_consumer,control_api; scripts,replace/create,no fsync,n/a,n/a,PID check-then-write,two consumers possible under race,heartbeat timestamp,CRITICAL,ONE_WAY_WITH_MIGRATION,singleton by PID file without fencing,P1/P5,
EXE-15,"<bridge repo>/runtime/execution_bridge/request_lifecycle.jsonl (cwd-relative read, ~line 1804)",EVENT_TRANSPORT,REPLACE_BY_EVENTS,none - bridge reports what MT5 said,"bridge lifecycle reported through the MT5 bridge client boundary (API/event), not a shared file",MT5 bridge (other repo),live_execution_consumer,append-only in the bridge,bridge-defined,bridge file order,none,polled,-,-,HIGH,CONDITIONALLY_REVERSIBLE,cross-repository file coupling; breaks the extraction boundary,P5,
MGT-01,management/ownership_registry.jsonl,AUTHORITATIVE_STATE,OUTBOX_PROJECTOR,AUTHORITATIVE: which position belongs to which signal/strategy/manager (provenance),"position_ownership table (PK position_id, source, generation) - domain data; this is NOT the runtime-fence","trade_manager.central.OwnershipRegistry (append_unique: scan-then-append, not atomic)",central.authorize (prove()); trade manager,append-only provenance ledger,flush only,file order,none,rows() tolerant of bad lines,append_unique scans for a key - race possible with two writers,-,CRITICAL,ONE_WAY_WITH_MIGRATION,,P4,
MGT-02,management/broker_state.json,AUTHORITATIVE_STATE,OUTBOX_PROJECTOR,AUTHORITATIVE cache of broker truth for authorization decisions; the broker remains the ultimate truth,"broker_state_snapshot (aggregate version, as_of, positions/orders/account, hash) - latest + bounded history, NO ticks",BrokerStateStream.save / refresh_from_provider (tmp + replace; snapshot_version),"central.authorize (snapshot-version match, stale check 120 s); trade manager; control_api",whole-file replace with monotonic snapshot_version,"atomic rename, no fsync",snapshot_version,version match at authorization time,a stale or missing snapshot fails authorization closed (healthy(120s)),version,120 s,HIGH,CONDITIONALLY_REVERSIBLE,MULTI-ROLE: state snapshot AND change notification (readers poll it),P3-P4,
MGT-03,management/management_proposals.jsonl,AUTHORITATIVE_STATE,OUTBOX_PROJECTOR,AUTHORITATIVE proposal record AND queue to the authorizer,management_proposal table + event management.proposal.created,stream_consumer (REAL_MANAGEMENT) via append_unique,central.authorize_pending_proposals,append-only,flush only,file order,presence of a decision,rows() tolerant,append_unique key (action key),-,HIGH,CONDITIONALLY_REVERSIBLE,MULTI-ROLE: record + queue,P4,
MGT-04,management/management_intents.jsonl,AUTHORITATIVE_STATE,DIRECT_CUTOVER,AUTHORITATIVE authorized action AND queue to executor,management_intent table + event management.intent.authorized; executor idempotent by intent id,central.authorize_pending_proposals,live_execution_consumer.process_management_intents,append-only,flush only,file order,COMPLETED result row in execution/management/execution_results.jsonl,non-COMPLETED intents retried,duplicate action key rejected at authorization,-,CRITICAL,ONE_WAY_WITH_MIGRATION,MULTI-ROLE: authorization record + execution queue,P5,
MGT-05,management/management_decisions.jsonl,AUTHORITATIVE_STATE,OUTBOX_PROJECTOR,AUTHORITATIVE authorization decision (audit),management_decision table,central.authorize (accept/reject with reasons),control_api; audit,append-only,flush only,file order,-,-,key,-,MEDIUM,CONDITIONALLY_REVERSIBLE,,P4,
TMG-01,trade_manager/observation_stream/events.jsonl (cwd-relative default; rotates at 50 MB),EVENT_TRANSPORT,REPLACE_BY_EVENTS,none - observations,JetStream stream OBSERVATION (bounded retention); high volume stays OFF operational subjects,fanout.SharedObservationPublisher (sequence numbers),fanout.FanoutConsumer (stream_consumer / phase 7 observer),append; rotate at 50 MB,flush only,publisher-assigned sequence; gap detection on read,consumer checkpoint,"gap => detected, not repaired",published_ids set,-,MEDIUM,REVERSIBLE,,P4,
TMG-02,trade_manager/observation_stream/publisher_state.json,CHECKPOINT,RETIRE,CHECKPOINT+dedupe (correctness relevant),none: JetStream Nats-Msg-Id dedupe window + event_id inbox,SharedObservationPublisher,SharedObservationPublisher,replace,unknown,-,-,stores ALL published_ids: unbounded growth,dedupe set,-,LOW,REVERSIBLE,unbounded state,P4,
TMG-03,trade_manager/observation_stream/<consumer>_checkpoint*.json,CHECKPOINT,REPLACE_BY_EVENTS,CHECKPOINT,JetStream durable consumer (ack after processing) + inbox,FanoutConsumer.read persists checkpoint BEFORE processing,FanoutConsumer,replace,unknown,sequence,checkpoint == ack (at-most-once),crash after checkpoint and before processing LOSES observations,-,-,MEDIUM,REVERSIBLE,at-most-once semantic bug class,P4,
TMG-04,"trade_manager/{collector_state.json,collector_health.json}",CHECKPOINT,DB_ONLY,CHECKPOINT/health,trade_manager_checkpoint row + heartbeat,SharedStreamTradeManager,SharedStreamTradeManager; control_api,replace,unknown,-,-,positions are in-memory only: after restart they are rebuilt from the stream/broker state,-,health,MEDIUM,CONDITIONALLY_REVERSIBLE,,P4,
TMG-05,trade_manager/activation.json (cwd-relative default),AUTHORITATIVE_STATE,DIRECT_CUTOVER,"AUTHORITATIVE: whether REAL_MANAGEMENT is active (an authority switch, not just config)","management_activation row (versioned, audited) - changes are events",operator,stream_consumer (activation mode: shadow/real management),manual edit,-,-,-,missing => default,-,-,HIGH,ONE_WAY_WITH_MIGRATION,authority switch stored as an ad-hoc file,P4,
TMG-06,"trade_manager/observations/{observations,events,decisions,experiment_results}.jsonl",RESEARCH_ARTIFACT,KEEP,none,stays research output (or evidence store); never on operational subjects,ObservationStore,research/analysis,append-only,flush only,file order,-,-,-,-,LOW,NOT_APPLICABLE,,-,
TMG-07,trade_manager/prospective dashboard json (path supplied by caller),RESEARCH_ARTIFACT,KEEP,none,stays,trade_manager/prospective.py,operators,replace,-,-,-,-,-,-,LOW,NOT_APPLICABLE,,-,
CTX-01,context_structure_retrace_forward_state_compact.json (repo root),AUTHORITATIVE_STATE,TAILER_INGEST,AUTHORITATIVE for the strategy's signals AND the signal transport to the orchestrator,the runner stays FROZEN; a read-only tailer/adapter ingests signals into PostgreSQL (signal.entry.created),"context runner save_state (atomic_json: tmp + replace, no fsync)",orchestration/adapters/context_structure_retrace.discover_new_signals; runner; control_api,whole-file replace (compact projection of runner state),"atomic rename, no fsync",none,none - adapter dedupes by stable signal_id,runner-owned; adapter re-reads,identity dedupe cache in state,"signal created = orchestrator time at discovery, not detection time",HIGH,REVERSIBLE,"MULTI-ROLE: state, projection, and transport; frozen decision code, persistence outside fingerprint",P1-P2,Decision code hash covers 5 functions only; persistence may be ported later (open decision OD-05).
CTX-02,context_structure_retrace_forward.jsonl (events),AUTHORITATIVE_STATE,TAILER_INGEST,AUTHORITATIVE strategy event history,tailed into strategy_event/evidence tables,context runner append_event (event written BEFORE save_state),runner; control_api,append-only,flush only,file order,none,crash between event and state => event without state,identity dedupe,-,MEDIUM,REVERSIBLE,,P2,
CTX-03,"context_structure_retrace_forward_{heartbeat,manifest}.json, .pid, summary.md, /tmp/context-structure-retrace-v1-paper.stop",DEBUG_ARTIFACT,DB_ONLY,none (PID = process singleton),runtime_instance heartbeat rows,context runner,control_api; scripts; operators,replace/create,no fsync,n/a,n/a,PID check,-,heartbeat,LOW,REVERSIBLE,,P1,
CTX-04,context_structure_retrace_forward_state.json (legacy FULL state),REBUILDABLE_PROJECTION,RETIRE,none,observer to read the compact state or the DB,none current (untracked/retired),context_structure_retrace_phase7_observer.py:124,-,-,-,-,-,-,stale,LOW,REVERSIBLE,reader of a retired artifact,P0-verify,Open decision OD-03: is the Phase 7 observer live?
P7-01,"context_structure_retrace_phase7_{state,events,heartbeat,pid,manifest}",RESEARCH_ARTIFACT,KEEP,none - observation only,stays research; pid/heartbeat -> runtime_instance,phase7 observer,observer; control_api,mixed,unknown,-,-,-,-,-,LOW,NOT_APPLICABLE,,-,
LIQ-01,"liquidity_displacement_*_state.json (per instance: xau-base, xau33, btc25, usdjpy25)",AUTHORITATIVE_STATE,TAILER_INGEST,AUTHORITATIVE strategy state AND transport to the orchestrator,frozen runner unchanged; adapter ingests to PostgreSQL,liquidity runner atomic_write (mkstemp + fsync + replace),orchestration/liquidity_instances.LiquidityInstanceAdapter; runner; control_api,whole-file replace,fsync + atomic rename (the only fsync'd runtime artifact),none,none - adapter dedupes by signal id + startup baseline,runner detect() re-evaluates last ~18 anchors every poll,signal id,-,HIGH,REVERSIBLE,MULTI-ROLE: state + transport; guard (source_hash) covers liquidity_displacement.py only,P1-P2,
LIQ-02,"liquidity_displacement_*.jsonl, *_daily.jsonl, *_summary.md, *_manifest.json",RESEARCH_ARTIFACT,TAILER_INGEST,none,tailed as evidence (forward-paper record); files may remain,liquidity runners,control_api; reports,append/replace,flush only,file order,-,-,-,-,LOW,REVERSIBLE,,P2,
LIQ-03,"liquidity_displacement_*.{pid,heartbeat.json} + /tmp/<prefix>.stop",DEBUG_ARTIFACT,DB_ONLY,none (PID = process singleton),runtime_instance heartbeat rows,liquidity runners,control_api; scripts,replace/create,fsync via atomic_write,n/a,n/a,PID check-then-write,-,heartbeat,LOW,REVERSIBLE,,P1,
CFG-01,"orchestration/config/* (platform, risk policy, tradeability policy) and stream/binding config",CONFIGURATION,KEEP,configuration (versioned),stays a file (or versioned policy rows for operator-changeable policy); hash recorded on each decision,operators via git,orchestrator; consumer,deploy-time,git,n/a,n/a,git,-,-,LOW,NOT_APPLICABLE,,-,Any *runtime-mutable* policy must move to a DB row with a hash on each decision.
CFG-02,artifacts/MT5TradingBridge_execution_build_manifest.json + cohort json (read by control_api),CONFIGURATION,KEEP,none,stays,build tooling,control_api,build-time,-,-,-,-,-,-,LOW,NOT_APPLICABLE,,-,
API-01,control_api/* reads of all runtime files above,REBUILDABLE_PROJECTION,REBUILD,none,"read models over PostgreSQL (query API), never a file reader",none (read-only API),"operators, console",-,-,-,-,-,-,request time,MEDIUM,REVERSIBLE,control plane depends on file layout,P2-P6,
OPS-01,scripts/backup_runtime.sh (backs up Context runner files + docs only),CONFIGURATION,RETIRE,none,pg_dump / PITR + JetStream stream snapshot policy,operator,-,-,-,-,-,DR GAP: no runtime authority artifacts are backed up,-,-,MEDIUM,NOT_APPLICABLE,disaster-recovery gap,P1,
OPS-02,scripts/watch_*.py outputs (canary/live watchers),DEBUG_ARTIFACT,KEEP,none,stays (debug),watch scripts (fsync'd writes),operators,replace/append,fsync,-,-,-,-,-,LOW,NOT_APPLICABLE,,-,
