module,function,line,loc,as_of_param,forward_scan,magic_numbers,timeframes,reason_codes,helpers
context_structure_retrace/attention.py,_recency_score,7,2,0,0,2,,,
context_structure_retrace/attention.py,rank_sr,11,12,0,0,2,,,
context_structure_retrace/attention.py,boundary_pair,25,10,0,0,0,,,
context_structure_retrace/attention.py,_cluster_key,37,2,0,0,0,,,
context_structure_retrace/attention.py,group_channels,41,17,0,0,2,,,
context_structure_retrace/attention.py,rank_trendlines,60,9,0,0,2,,,
context_structure_retrace/attention.py,attention_layer,71,8,0,0,0,M15,,
context_structure_retrace/data.py,_ts,13,2,0,0,0,,,
context_structure_retrace/data.py,iso,17,2,0,0,0,,,
context_structure_retrace/data.py,timeframe_seconds,21,4,0,0,1,,,
context_structure_retrace/data.py,normalize_bars,27,2,0,0,0,,,
context_structure_retrace/data.py,bar_end,31,2,0,0,0,,,
context_structure_retrace/data.py,floor_timestamp,35,3,0,0,0,,,
context_structure_retrace/data.py,aggregate_bars,40,17,0,0,0,,,
context_structure_retrace/data.py,__post_init__,71,6,0,0,0,,,
context_structure_retrace/data.py,history,78,6,1,0,0,,,
context_structure_retrace/data.py,forming,85,12,1,0,0,,,aggregate_bars
context_structure_retrace/data.py,view,98,18,1,0,0,,,
context_structure_retrace/data.py,synchronized_context,117,4,1,0,0,H1|H4|M15|M5,,
context_structure_retrace/data.py,window,122,7,1,0,3,H1|H4|M1|M15|M5,,
context_structure_retrace/indicators.py,ema,7,8,0,0,0,,,
context_structure_retrace/indicators.py,atr,17,20,0,0,1,,,
context_structure_retrace/indicators.py,_direction,39,2,0,0,1,,,
context_structure_retrace/indicators.py,ema_context,43,73,1,0,5,,BEARISH_STACK|BULLISH_STACK,atr|ema
context_structure_retrace/ledger.py,build_phase2_ledger,18,45,0,1,2,,,attention_layer|bar_end|detect_patterns|measure_retracement
context_structure_retrace/ledger.py,write_phase2_ledger,65,30,0,0,0,,,
context_structure_retrace/normalization.py,normalization_audit,6,30,0,0,0,,,
context_structure_retrace/outcomes.py,future_outcome_labels,6,17,0,1,8,,,
context_structure_retrace/patterns.py,_event_id,10,2,0,0,1,,,
context_structure_retrace/patterns.py,detect_patterns,14,44,1,0,6,,BEARISH_ENGULFING|BEARISH_REJECTION_WICK|BULLISH_ENGULFING|BULLISH_REJECTION_WICK|EVENING_STAR|MORNING_STAR,atr|bar_end
context_structure_retrace/provenance.py,audit_repository_provenance,6,21,0,0,0,,,
context_structure_retrace/replay.py,_direction,17,5,0,0,0,,,
context_structure_retrace/replay.py,_location,24,6,0,0,1,,,
context_structure_retrace/replay.py,timeframe_context,32,17,1,0,0,,,detect_patterns|ema_context|sr_context
context_structure_retrace/replay.py,feature_snapshot,51,19,1,0,4,H1|H4|M1|M15|M5,,channel_candidates|trendline_candidates
context_structure_retrace/replay.py,replay_pattern_events,72,9,0,0,0,,,bar_end|detect_patterns
context_structure_retrace/replay.py,write_jsonl,83,7,0,0,0,,,
context_structure_retrace/retracement.py,measure_retracement,6,26,0,1,3,,,
context_structure_retrace/schema.py,provenance,22,9,1,0,0,,HISTORICAL_MT5,
context_structure_retrace/schema.py,market_snapshot,33,13,1,0,0,,HISTORICAL_MT5_BAR_AND_QUOTE,
context_structure_retrace/schema.py,validate_snapshot,48,7,0,0,0,,,
context_structure_retrace/sr.py,confirmed_swings,10,13,1,1,0,,,bar_end
context_structure_retrace/sr.py,_touch_reaction,25,21,0,0,0,,,
context_structure_retrace/sr.py,build_zones,48,54,1,0,2,,,atr|bar_end|confirmed_swings
context_structure_retrace/sr.py,sr_context,104,6,1,0,0,,,build_zones
context_structure_retrace/structures.py,meaningful_interaction_episodes,11,15,0,0,1,,RETURN_AFTER_DEPARTURE,
context_structure_retrace/structures.py,_line,28,3,0,0,0,,,
context_structure_retrace/structures.py,trendline_candidates,33,37,1,0,4,,,atr|bar_end|confirmed_swings
context_structure_retrace/structures.py,channel_candidates,72,30,1,0,5,,,atr|bar_end|confirmed_swings
context_structure_retrace_compact_state.py,_pick,44,2,0,0,0,,,
context_structure_retrace_compact_state.py,_compact_geometry,48,5,0,0,0,,,
context_structure_retrace_compact_state.py,_compact_position,55,6,0,0,0,,,
context_structure_retrace_compact_state.py,_compact_snapshot,63,22,0,0,0,M15,,
context_structure_retrace_compact_state.py,_compact_setup,87,14,0,0,0,,,
context_structure_retrace_compact_state.py,project_state,103,42,0,0,0,,,
context_structure_retrace_compact_state.py,load_json,147,5,0,0,0,,,
context_structure_retrace_compact_state.py,write_compact,154,22,0,0,0,,,
context_structure_retrace_compact_state.py,_ids,178,10,0,0,0,,,
context_structure_retrace_compact_state.py,_lifecycle_projection,190,8,0,0,0,,,
context_structure_retrace_compact_state.py,_symbol_progress_projection,200,5,0,0,0,,,
context_structure_retrace_compact_state.py,validate_equivalence,207,44,0,0,0,,,
context_structure_retrace_compact_state.py,write_two_symbol_cohort,253,15,0,0,0,,CONTEXT_STRUCTURE_RETRACE_V1|PREPARED_NOT_ACTIVE,
context_structure_retrace_compact_state.py,main,270,20,0,0,0,,,
context_structure_retrace_forward.py,atomic_json,56,4,0,0,0,,,
context_structure_retrace_forward.py,now_iso,62,2,0,0,0,,,
context_structure_retrace_forward.py,digest_files,66,6,0,0,0,,,
context_structure_retrace_forward.py,config_hash,101,2,0,0,0,,,
context_structure_retrace_forward.py,decision_code_hash,105,7,0,0,0,,,
context_structure_retrace_forward.py,bridge_read,114,5,0,0,0,,,
context_structure_retrace_forward.py,empty_state,121,7,0,0,0,,,
context_structure_retrace_forward.py,load_state,130,4,0,0,0,,,
context_structure_retrace_forward.py,save_state,136,10,0,0,0,,,
context_structure_retrace_forward.py,_event_identity,148,14,0,0,0,,FORWARD_BASELINE_INITIALIZED|INVALIDATED_NO_REENTRY|NO_RETRACE|RETURN_AFTER_SETUP_TARGET_COMPLETED|SETUP_DETECTED|SETUP_INVALIDATED_BEFORE_ENTRY|TARGET_HIT,
context_structure_retrace_forward.py,_event_already_written,168,20,0,0,0,,,
context_structure_retrace_forward.py,append_event,190,16,0,0,0,,GAP_RECOVERY,
context_structure_retrace_forward.py,write_heartbeat,208,5,0,0,0,,,
context_structure_retrace_forward.py,acquire_lock,215,11,0,0,0,,,
context_structure_retrace_forward.py,release_lock,228,2,0,0,0,,,
context_structure_retrace_forward.py,freeze,232,16,0,0,0,,EXPOSED_DEVELOPMENT_DATA|PAPER_READ_ONLY|PROSPECTIVE_FORWARD_DATA,
context_structure_retrace_forward.py,assert_frozen,250,12,0,0,0,,,
context_structure_retrace_forward.py,_completed,264,3,0,0,0,,,
context_structure_retrace_forward.py,read_symbol,269,26,0,0,1,H1|H4|M15|M5,PHASE6_SUCCESSFUL_SNAPSHOT,
context_structure_retrace_forward.py,_spread,297,5,0,0,0,,,
context_structure_retrace_forward.py,_context,304,20,0,0,0,H1|H4,HTF_CONTRADICTION_FLAG|NEAR_OPPOSING_STRUCTURE_FLAG,
context_structure_retrace_forward.py,_geometry,326,26,0,0,4,,OPPOSING_STRUCTURE_VERY_CLOSE|TARGET_AT_ENTRY|TARGET_BEHIND_ENTRY|TARGET_BEYOND_ENTRY,
context_structure_retrace_forward.py,_event_id,354,2,0,0,0,,,
context_structure_retrace_forward.py,make_setup,358,20,0,0,2,M15,LIVE_FORWARD|QUALIFIED_FOR_RETRACE_MONITORING|WAITING_FOR_RETRACE|WAITING_FOR_RETRACEMENT,
context_structure_retrace_forward.py,_m5_mechanisms,380,11,0,0,3,M5,BEARISH_ENGULFING|BULLISH_ENGULFING|DEPTH_ONLY|EVENING_STAR|LOWER_TF_ENGULFING|MORNING_EVENING_STAR|MORNING_STAR|REJECTION_WICK,bar_end|detect_patterns
context_structure_retrace_forward.py,_persist_setup,393,4,0,0,0,,SETUP_DETECTED,
context_structure_retrace_forward.py,_fill,399,16,0,0,2,M15,EMA_STRUCTURE_EXIT|LOWER_TF_STRUCTURE_TRAIL|NO_REMAINING_TARGET_UNDER_CURRENT_SETUP_GEOMETRY|OPPOSITE_PRICE_ACTION_EXIT|REENTRY_BEFORE_TARGET_COMPLETION|TARGET_BEYOND_ENTRY,
context_structure_retrace_forward.py,_process_bar,417,58,0,0,2,,INVALIDATED_NO_REENTRY|LEAVE_ENTRY_ZONE|NO_RETRACE|POSITION_ALREADY_OPEN_SCALEIN_DISABLED|POTENTIAL_SCALE_IN|RETURN_AFTER_SETUP_TARGET_COMPLETED|SETUP_INVALIDATED_BEFORE_ENTRY|TARGET_HIT|WAITING_FOR_RETRACE,
context_structure_retrace_forward.py,process_symbol,477,30,0,0,1,M15|M5,DATA_GAP_DETECTED|FORWARD_BASELINE_INITIALIZED|GAP_RECOVERY|LIVE_FORWARD,bar_end|detect_patterns
context_structure_retrace_forward.py,_recovery_context,509,20,0,0,1,,GAP_RECOVERY|RECOVERY_CAUGHT_UP,
context_structure_retrace_forward.py,_finish_recovery,531,9,0,0,0,,,
context_structure_retrace_forward.py,_tag_recovery_lineage,542,21,0,0,0,,GAP_RECOVERY,
context_structure_retrace_forward.py,persist_new_opportunity_provenance,565,25,0,0,0,,PHASE6_SUCCESSFUL_SNAPSHOT,
context_structure_retrace_forward.py,poll,592,35,0,0,0,M5,LIVE_FORWARD|READ_ERROR,
context_structure_retrace_forward.py,summary,629,5,0,0,0,,TARGET_HIT,
context_structure_retrace_forward.py,status,636,3,0,0,0,,,
context_structure_retrace_forward.py,_read_events,641,10,0,0,0,,,
context_structure_retrace_forward.py,_prospective_boundary,653,2,0,0,0,,,
context_structure_retrace_forward.py,_is_prospective_event,657,4,0,0,0,,FORWARD_BASELINE_INITIALIZED,
context_structure_retrace_forward.py,_position_is_prospective,663,2,0,0,0,,,
context_structure_retrace_forward.py,_fmt,667,7,0,0,0,,,
context_structure_retrace_forward.py,_percent,676,2,0,0,0,,,
context_structure_retrace_forward.py,_max_drawdown,680,7,0,0,0,,,
context_structure_retrace_forward.py,_shadow_position_observation,692,33,0,0,0,,V1_POSITION_MFE_MAE_UNTIL_V1_EXIT,
context_structure_retrace_forward.py,report_data,727,71,0,0,9,,DEPTH_ONLY|DUPLICATE_ENTRY_OPPORTUNITY|EMA_STRUCTURE_EXIT|EMA_TOUCH_REJECTION|LIVE_FORWARD|LOWER_TF_ENGULFING|LOWER_TF_STRUCTURE_TRAIL|MORNING_EVENING_STAR|NO_REMAINING_TARGET_UNDER_CURRENT_SETUP_GEOMETRY|NO_RETRACE|NO_VALID_ENTRY_SIGNAL|OPPOSING_STRUCTURE_VERY_CLOSE|OPPOSITE_PRICE_ACTION_EXIT|POSITION_ALREADY_OPEN_SCALEIN_DISABLED|READ_ERROR|REJECTION_WICK|RETURN_AFTER_SETUP_TARGET_COMPLETED|SAME,
context_structure_retrace_forward.py,_age_seconds,800,8,0,0,0,,,
context_structure_retrace_forward.py,_standard_position,810,10,0,0,0,,,
context_structure_retrace_forward.py,_standard_closed_position,822,12,0,0,0,,,
context_structure_retrace_forward.py,build_standard_report,836,127,0,0,0,,FORWARD_PROSPECTIVE|NOT_TRACKED|NO_RETRACE|SETUP_DETECTED|SETUP_INVALIDATED_BEFORE_ENTRY,
context_structure_retrace_forward.py,print_report,965,59,0,0,1,,NO_REMAINING_TARGET_UNDER_CURRENT_SETUP_GEOMETRY|NO_RETRACE|OPPOSING_STRUCTURE_VERY_CLOSE|POTENTIAL_SCALE_IN|REENTRY_BEFORE_TARGET_COMPLETION|RETURN_AFTER_SETUP_TARGET_COMPLETED|SETUP_DETECTED|SETUP_INVALIDATED_BEFORE_ENTRY|TARGET_NEAR_SPREAD_SCALE,
context_structure_retrace_forward.py,position_line,981,9,0,0,0,,,
context_structure_retrace_forward.py,run,1027,17,0,0,0,,,
context_structure_retrace_forward.py,stop_handler,1031,2,0,0,0,,,
context_structure_retrace_forward.py,stop,1046,2,0,0,0,,,
context_structure_retrace_forward.py,order_isolation_audit,1050,12,0,0,0,,,
context_structure_retrace_forward.py,main,1064,17,0,0,2,,,
context_structure_retrace_phase7_observer.py,now_iso,42,2,0,0,0,,,
context_structure_retrace_phase7_observer.py,iso,46,2,0,0,0,,,
context_structure_retrace_phase7_observer.py,epoch,50,6,0,0,0,,,
context_structure_retrace_phase7_observer.py,atomic_json,58,4,0,0,0,,,
context_structure_retrace_phase7_observer.py,phase7_source_hash,64,2,0,0,0,,,
context_structure_retrace_phase7_observer.py,phase6_identity,68,5,0,0,0,,,
context_structure_retrace_phase7_observer.py,config,75,15,0,0,1,,BASELINE_REFERENCE|BREAKEVEN_AFTER|DEFINED_BUT_NOT_EXECUTABLE|EMA_STRUCTURE_MANAGEMENT|EXECUTABLE_RESEARCH_OBSERVATION|FIXED_THRESHOLDS|LOWER_TF_STRUCTURE_TRAIL|OBSERVE_ONLY|OPPOSITE_PRICE_ACTION|ORIGINAL_STOP_NO_V1_TARGET|V1_STRUCTURAL_TARGET,
context_structure_retrace_phase7_observer.py,config_hash,92,2,0,0,0,,,
context_structure_retrace_phase7_observer.py,empty_state,96,5,0,0,0,,,
context_structure_retrace_phase7_observer.py,load_state,103,4,0,0,0,,,
context_structure_retrace_phase7_observer.py,append_event,109,12,0,0,0,,PHASE7_DATA_GAP|PHASE7_THRESHOLD_REACHED|PHASE7_TIME_CHECKPOINT,
context_structure_retrace_phase7_observer.py,v1_positions,123,10,0,0,0,,,
context_structure_retrace_phase7_observer.py,_risk_r,135,3,0,0,0,,,
context_structure_retrace_phase7_observer.py,_bar_prices,140,5,0,0,0,,,
context_structure_retrace_phase7_observer.py,two_leg_combined_R,147,2,0,0,1,,,
context_structure_retrace_phase7_observer.py,register_position,151,31,0,0,0,,PHASE7_POSITION_REGISTERED|PRE_PHASE7_EXPOSED_REFERENCE,
context_structure_retrace_phase7_observer.py,refresh_v1_metadata,184,5,0,0,0,,,
context_structure_retrace_phase7_observer.py,observe_position,191,57,0,0,1,,ASK_HIGH|ASK_LOW|BID_HIGH|BID_LOW|PHASE7_OBSERVATION_COMPLETE|PHASE7_THRESHOLD_REACHED|PHASE7_TIME_CHECKPOINT,
context_structure_retrace_phase7_observer.py,poll,250,44,0,0,1,M5,CONTEXT_STRUCTURE_RETRACE_V1|PHASE7_DATA_GAP|PHASE7_SHARED_OBSERVATION_PUBLISH_FAILED|POSITION_UPDATED|PRE_PHASE7_EXPOSED_REFERENCE,
context_structure_retrace_phase7_observer.py,freeze,296,10,0,0,0,,PASSIVE_READ_ONLY,
context_structure_retrace_phase7_observer.py,acquire_lock,308,9,0,0,0,,,
context_structure_retrace_phase7_observer.py,release_lock,319,2,0,0,0,,,
context_structure_retrace_phase7_observer.py,order_isolation_audit,323,12,0,0,0,,,
context_structure_retrace_phase7_observer.py,report_data,337,12,0,0,0,,PRE_PHASE7_EXPOSED_REFERENCE|TARGET_HIT,
context_structure_retrace_phase7_observer.py,_median,351,5,0,0,0,,,
context_structure_retrace_phase7_observer.py,build_shadow_report,358,48,0,0,0,,CONTEXT_STRUCTURE_RETRACE_V1,
context_structure_retrace_phase7_observer.py,_age_seconds,372,8,0,0,0,,,
context_structure_retrace_phase7_observer.py,print_report,408,12,0,0,2,,,
context_structure_retrace_phase7_observer.py,run,422,21,0,0,0,,,
context_structure_retrace_phase7_observer.py,handler,430,2,0,0,0,,,
context_structure_retrace_phase7_observer.py,main,445,16,0,0,2,,,
liquidity_displacement.py,__init__,22,1,0,0,0,,,
liquidity_displacement.py,_levels,24,10,0,0,3,,,_candle|swings
liquidity_displacement.py,find_candidate,35,32,0,1,8,M5,LIQUIDITY_DISPLACEMENT_SCALP|NO_LIQUIDITY_DISPLACEMENT|RECENT_SWING_OR_SESSION_EXTREME|RETRACE_50_DISPLACEMENT,_candle|atr
liquidity_displacement.py,evaluate,68,15,0,1,3,M5,LIQUIDITY_DISPLACEMENT_SCALP,_candle
liquidity_displacement.py,datetime_utc,84,3,0,0,0,,,
liquidity_displacement_entry_forward.py,configure,26,88,0,0,5,,LIQUIDITY_DISPLACEMENT_SCALP_V1|LIVE_FORWARD,
liquidity_displacement_entry_forward.py,find_candidate,38,16,0,0,0,,,
liquidity_displacement_entry_forward.py,manifest_variant,73,18,0,0,2,,LIQUIDITY_DISPLACEMENT_SCALP_V1,
liquidity_displacement_entry_forward.py,event_variant,92,5,0,0,0,,,
liquidity_displacement_entry_forward.py,process_variant,98,11,0,0,0,,LIVE_FORWARD,
liquidity_displacement_entry_forward.py,main,116,7,0,0,0,,,
liquidity_displacement_forward.py,now,14,1,0,0,0,,,
liquidity_displacement_forward.py,source_hash,15,1,0,0,0,,,
liquidity_displacement_forward.py,manifest,16,1,0,0,2,,LIQUIDITY_DISPLACEMENT_SCALP_V1,
liquidity_displacement_forward.py,load_state,17,5,0,0,0,,,
liquidity_displacement_forward.py,atomic_write,22,7,0,0,0,,,
liquidity_displacement_forward.py,save,29,1,0,0,0,,,
liquidity_displacement_forward.py,read_json,30,3,0,0,0,,,
liquidity_displacement_forward.py,write_heartbeat,33,4,0,0,1,,,
liquidity_displacement_forward.py,process_alive,37,3,0,0,0,,,
liquidity_displacement_forward.py,acquire_lock,40,6,0,0,0,,,
liquidity_displacement_forward.py,release_lock,46,5,0,0,0,,,
liquidity_displacement_forward.py,runtime_status,51,3,0,0,1,,,
liquidity_displacement_forward.py,event,54,4,0,0,0,,,
liquidity_displacement_forward.py,read_once,58,4,0,0,1,,,
liquidity_displacement_forward.py,signal_features,62,3,0,0,0,H1|M15|M5,,
liquidity_displacement_forward.py,price_spread_points,65,3,0,0,1,,,
liquidity_displacement_forward.py,pct,68,5,0,0,0,,,
liquidity_displacement_forward.py,session,73,7,0,0,4,,,
liquidity_displacement_forward.py,outcome_stats,80,4,0,0,0,,TIME_EXIT,
liquidity_displacement_forward.py,drawdown,84,5,0,0,0,,,
liquidity_displacement_forward.py,drift_warnings,89,22,0,0,7,,DIRECTION_DISTRIBUTION_DRIFT|DRAWDOWN_WARNING|DURATION_DRIFT|EXPECTANCY_DRIFT|FILL_RATE_DRIFT|PROFIT_FACTOR_DRIFT|SESSION_DISTRIBUTION_DRIFT|SPREAD_DRIFT|STOP_DISTANCE_DRIFT,
liquidity_displacement_forward.py,follow_unfilled,111,6,0,0,1,,UNFILLED_EXPIRED,
liquidity_displacement_forward.py,detect_gap,117,7,0,0,3,M5,MAC_SLEEP|MT5_UNAVAILABLE|RUNNER_DOWN,
liquidity_displacement_forward.py,replay_gap,124,9,0,0,3,H1|M15|M5,DATA_GAP_RECOVERY|GAP_RECOVERY,
liquidity_displacement_forward.py,metric_block,133,2,0,0,0,,TIME_EXIT,
liquidity_displacement_forward.py,settle_filled_record,135,14,0,0,2,,TARGET_HIT|TIME_EXIT,
liquidity_displacement_forward.py,account_feasibility,149,9,0,0,7,,,
liquidity_displacement_forward.py,daily_aggregate,158,8,0,0,2,,TARGET_HIT|TIME_EXIT|UNFILLED_EXPIRED,
liquidity_displacement_forward.py,read_daily_records,166,7,0,0,0,,,
liquidity_displacement_forward.py,persist_daily,173,5,0,0,0,,,
liquidity_displacement_forward.py,health,178,4,0,0,0,,,
liquidity_displacement_forward.py,trade_records,182,5,0,0,0,,,
liquidity_displacement_forward.py,trade_summary,187,3,0,0,0,,TIME_EXIT|UNFILLED_EXPIRED|WAITING_FOR_RETRACE,
liquidity_displacement_forward.py,render_trades,190,24,0,0,2,,UNFILLED_EXPIRED|WAITING_FOR_RETRACE,
liquidity_displacement_forward.py,price_text,191,5,0,0,0,,,
liquidity_displacement_forward.py,field_text,197,2,0,0,0,,,
liquidity_displacement_forward.py,event_rows,214,7,0,0,0,,,
liquidity_displacement_forward.py,ts_value,221,4,0,0,0,,,
liquidity_displacement_forward.py,age_text,225,5,0,0,1,,,
liquidity_displacement_forward.py,event_clock,230,3,0,0,0,,,
liquidity_displacement_forward.py,watch_snapshot,233,12,0,0,5,M5,WAITING_FOR_RETRACE,
liquidity_displacement_forward.py,render_watch,245,18,0,0,2,,TIME_EXIT,
liquidity_displacement_forward.py,run_watch,263,11,0,0,0,,,
liquidity_displacement_forward.py,detect,274,27,0,0,6,,COMPLETED_CANDLE_RETRACEMENT|DECISION_TELEMETRY|GAP_RECOVERY|LIQUIDITY_DISPLACEMENT_SCALP_V1|LIVE_FORWARD|LIVE_OBSERVED|RECOVERED_FORWARD|WAITING_FOR_RETRACE,
liquidity_displacement_forward.py,process,301,21,0,0,2,,LIVE_FORWARD|UNFILLED_EXPIRED|WAITING_FOR_RETRACE,
liquidity_displacement_forward.py,checkpoint,322,7,0,0,4,,LIVE_OBSERVED|RECOVERED_FORWARD|UNFILLED_EXPIRED,
liquidity_displacement_forward.py,write_summary,329,3,0,0,0,,,
liquidity_displacement_forward.py,decision_telemetry,333,36,0,1,5,,ENTRY_EXPIRED_NO_RETRACE|REJECTED_DISPLACEMENT_TOO_WEAK|REJECTED_NO_MSS|REJECTED_NO_RECLAIM,_candle|atr
liquidity_displacement_forward.py,_age_seconds,372,6,0,0,0,,,
liquidity_displacement_forward.py,_standard_position,379,2,0,0,0,,,
liquidity_displacement_forward.py,_standard_closed_position,382,4,0,0,0,,,
liquidity_displacement_forward.py,build_standard_report,387,137,0,0,1,,DECISION_TELEMETRY|FORWARD_PAPER|GAP_DETECTED|LIQUIDITY_DISPLACEMENT_SCALP_V1|READ_ERROR|RECOVERED_GAP|UNFILLED_EXPIRED,
liquidity_displacement_forward.py,finalize_runner,525,2,0,0,0,,,
liquidity_displacement_forward.py,main,527,42,0,0,1,,DATA_GAP_DETECTED|FORWARD_STARTED|GAP_RECOVERY|LIQUIDITY_DISPLACEMENT_SCALP_V1|LIVE_FORWARD|READ_ERROR,
liquidity_displacement_forward.py,request_stop,547,3,0,0,0,,,
orchestration/liquidity_instances.py,behavior_payload,41,12,0,0,0,,,
orchestration/liquidity_instances.py,behavior_hash,54,3,0,0,0,,,
orchestration/liquidity_instances.py,source_event_id,58,8,0,0,0,,,
orchestration/liquidity_instances.py,dedupe_key,67,7,0,0,0,,,
orchestration/liquidity_instances.py,liquidity_definition,126,5,0,0,0,,,
orchestration/liquidity_instances.py,utc_now,133,2,0,0,0,,,
orchestration/liquidity_instances.py,__init__,140,5,0,0,0,,,
orchestration/liquidity_instances.py,load_state,146,7,0,0,0,,,
orchestration/liquidity_instances.py,startup_baseline,154,7,0,0,0,,,
orchestration/liquidity_instances.py,_live_baseline,162,5,0,0,0,,,
orchestration/liquidity_instances.py,adapt_record,168,26,0,0,0,,,
orchestration/liquidity_instances.py,discover_new_signals,195,44,0,0,0,,REAL_ELIGIBLE,
orchestration/liquidity_instances.py,__init__,244,8,0,0,0,,PAPER_ONLY|REAL_ELIGIBLE,
orchestration/liquidity_instances.py,publish,253,36,0,0,0,M15|M5,LIQUIDITY_RECLAIM|REAL_ELIGIBLE,
paper_engine.py,_now,19,2,0,0,0,,,
paper_engine.py,_candle,23,2,0,0,0,,,
paper_engine.py,ema,27,8,0,0,0,,,
paper_engine.py,rsi,37,17,0,0,2,,,
paper_engine.py,atr,56,13,0,0,1,,,_candle
paper_engine.py,swings,71,11,0,0,0,,,_candle
paper_engine.py,json,99,2,0,0,0,,,
paper_engine.py,size_position,137,14,0,0,2,,TRADE_SKIPPED_INVALID_CONTRACT|TRADE_SKIPPED_MINIMUM_LOT_EXCEEDS_RISK,
paper_engine.py,__init__,154,2,0,0,0,,,
paper_engine.py,evaluate,157,60,0,0,8,M5,NO_TRADE,_candle|atr|ema|rsi|swings
paper_engine.py,__init__,237,10,0,0,0,,,
paper_engine.py,_audit,248,4,0,0,0,,,
paper_engine.py,approve_signal,253,3,0,0,0,,AWAITING_MANUAL_APPROVAL,
paper_engine.py,evaluate,257,37,0,0,2,,NO_TRADE|PAPER_ENTRY,
paper_engine.py,process_candle,295,38,0,0,1,,PAPER_EXIT|TIME_EXIT,
paper_engine.py,analytics,334,13,0,0,0,,,
research/multitimeframe_liquidity_sniper/engine.py,_ts,23,4,0,0,0,,,
research/multitimeframe_liquidity_sniper/engine.py,_candle_close,29,2,0,0,0,,,
research/multitimeframe_liquidity_sniper/engine.py,completed_candles,33,5,0,0,0,,,
research/multitimeframe_liquidity_sniper/engine.py,align_completed_timeframes,40,5,0,0,0,H1|H4|M15|M5,,completed_candles
research/multitimeframe_liquidity_sniper/engine.py,pip_size,47,3,0,0,2,,,
research/multitimeframe_liquidity_sniper/engine.py,_atr,52,3,0,0,0,,,
research/multitimeframe_liquidity_sniper/engine.py,_body,57,2,0,0,0,,,
research/multitimeframe_liquidity_sniper/engine.py,_range,61,2,0,0,0,,,
research/multitimeframe_liquidity_sniper/engine.py,structure_direction,65,12,0,0,0,,BEARISH_LH_LL|BULLISH_HH_HL|TRANSITION_RANGE,
research/multitimeframe_liquidity_sniper/engine.py,context_snapshot,79,15,0,0,0,H1|H4,RANGE_EXTREME_OR_SWING_CONTEXT|RECORDED_ONLY,completed_candles|structure_direction
research/multitimeframe_liquidity_sniper/engine.py,_m15_setup,96,32,0,0,1,M15,UNCLASSIFIED_UNTIL_HTF_CONTEXT,_atr|completed_candles
research/multitimeframe_liquidity_sniper/engine.py,_trigger,130,43,0,0,1,M5,HOLD_RECLAIM|M5_LIQUIDITY_SWEEP_RECLAIM|MICRO_STRUCTURE_BREAK|PSYCHOLOGICAL_LEVEL|SHALLOW_RETRACEMENT,completed_candles
research/multitimeframe_liquidity_sniper/engine.py,next_candle_hold,175,9,0,0,0,M5,,
research/multitimeframe_liquidity_sniper/engine.py,state_machine_trace,186,17,0,0,0,,ENTRY_PENDING|M5_TRIGGER_NOT_CONFIRMED|MISSING_M15_SETUP|NO_TRADE|WAITING_FOR_HTF_CONTEXT|WAITING_FOR_M15_SETUP|WAITING_FOR_M5_TRIGGER,
research/multitimeframe_liquidity_sniper/engine.py,ledger_row,205,23,0,0,0,,HTF_CONTINUATION|MULTITIMEFRAME_LIQUIDITY_SNIPER_RESEARCH,
research/multitimeframe_liquidity_sniper/engine.py,evaluate_controls,230,9,0,0,0,,CONTROL_A_M5_ONLY|CONTROL_B_M15|CONTROL_C_M15_H1|CONTROL_D_H4_H1_M15,
research/multitimeframe_liquidity_sniper/engine.py,inspect_candidate,241,19,0,0,0,H1|H4|M15|M5,MICRO_STRUCTURE_BREAK|NO_VALID_M15_SETUP_OR_M5_TRIGGER,
research/multitimeframe_liquidity_sniper/engine.py,spread_cost_diagnostic,262,12,0,0,0,,FILL_COST_UNAVAILABLE,
research/multitimeframe_liquidity_sniper/engine.py,cost_bucket,276,8,0,0,5,,FILL_COST_UNAVAILABLE,
research/multitimeframe_liquidity_sniper/engine.py,chronological_splits,286,4,0,0,2,,,
research/multitimeframe_liquidity_sniper/engine.py,summarize_controls,292,10,0,0,0,,,
research/multitimeframe_liquidity_sniper/entry.py,_touch,21,2,0,0,0,,,
research/multitimeframe_liquidity_sniper/entry.py,_holds,24,2,0,0,0,,,
research/multitimeframe_liquidity_sniper/entry.py,_level,27,12,0,0,1,,CLOSE_RECLAIM|MISSING_ENTRY_REFERENCE|MISSING_PSYCHOLOGICAL_LEVEL|PSYCHOLOGICAL_LEVEL_RECLAIM|SHALLOW_RETRACEMENT|TOUCH_CLOSE_HOLD|TOUCH_NEXT_CANDLE_HOLD,
research/multitimeframe_liquidity_sniper/entry.py,evaluate_m5_entry,40,55,0,0,0,M5,CLOSE_RECLAIM|M15_DISPLACEMENT|M5_LIQUIDITY|M5_LIQUIDITY_SWEEP_RECLAIM|M5_MICRO_STRUCTURE|MICRO_BOS_CHOCH|PSYCHOLOGICAL_LEVEL|PSYCHOLOGICAL_LEVEL_RECLAIM|SHALLOW_RETRACEMENT|TOUCH_CLOSE_HOLD|TOUCH_NEXT_CANDLE_HOLD,
research/multitimeframe_liquidity_sniper/state_machine.py,_atr,10,4,0,0,1,,,
research/multitimeframe_liquidity_sniper/state_machine.py,_close_valid,16,2,0,0,0,,,
research/multitimeframe_liquidity_sniper/state_machine.py,_adverse_invalidation,20,2,0,0,0,,,
research/multitimeframe_liquidity_sniper/state_machine.py,_displacement,24,6,0,0,3,,,
research/multitimeframe_liquidity_sniper/state_machine.py,_structure_type,32,5,0,0,0,,BEARISH_LH_LL|BULLISH_HH_HL,structure_direction
research/multitimeframe_liquidity_sniper/state_machine.py,detect_m15_setups,39,65,0,0,3,,DISPLACEMENT_NOT_CONFIRMED|RECLAIM_TIMEOUT|SETUP_ACTIVE|STRUCTURE_CONFIRMATION_TIMEOUT|WAITING_FOR_DISPLACEMENT|WAITING_FOR_LIQUIDITY_EVENT|WAITING_FOR_RECLAIM|WAITING_FOR_STRUCTURE_CONFIRMATION,_atr
research/multitimeframe_liquidity_sniper/validation.py,source_configuration_hash,21,2,0,0,0,,,
research/multitimeframe_liquidity_sniper/validation.py,validate_alignment,25,10,0,0,0,,,
research/multitimeframe_liquidity_sniper/validation.py,bounded_replay,37,39,0,0,0,,HTF_CONTINUATION|HTF_REVERSAL_TRANSITION|RESEARCH_ONLY,
research/multitimeframe_structure_sniper/engine.py,_utc,19,4,0,0,0,,,
research/multitimeframe_structure_sniper/engine.py,close_timestamp,38,2,0,0,0,,,
research/multitimeframe_structure_sniper/engine.py,closed_by,41,2,1,0,0,,,
research/multitimeframe_structure_sniper/engine.py,compatibility,107,5,0,0,0,,,
research/multitimeframe_structure_sniper/engine.py,classify_h4_context,114,2,0,0,0,,,
research/multitimeframe_structure_sniper/engine.py,classify_h1_context,118,12,0,0,0,,,
research/multitimeframe_structure_sniper/engine.py,make_m15_setup,132,4,0,0,0,,,
research/multitimeframe_structure_sniper/engine.py,_eligible,138,2,1,0,0,,,
research/multitimeframe_structure_sniper/engine.py,confirmed_swings,142,15,1,0,0,,,
research/multitimeframe_structure_sniper/engine.py,build_structure_map,159,21,1,0,0,,RANGE_OR_TRANSITION,confirmed_swings
research/multitimeframe_structure_sniper/engine.py,_atr,182,5,0,0,1,,,
research/multitimeframe_structure_sniper/engine.py,compression_geometry,189,23,1,0,2,,,_atr|confirmed_swings
research/multitimeframe_structure_sniper/engine.py,slope,196,5,0,0,1,,,
research/multitimeframe_structure_sniper/engine.py,support_resistance_levels,214,15,1,0,1,,FRESH_LEVEL|MULTIPLE_TEST_LEVEL,_atr|confirmed_swings
research/multitimeframe_structure_sniper/engine.py,classify_h1_scenario,231,11,0,0,0,,,
research/multitimeframe_structure_sniper/engine.py,m15_confirmations,244,14,1,0,1,,BREAK_RETEST_OR_CROSS|HTF_LEVEL_CLOSE,_atr
research/multitimeframe_structure_sniper/engine.py,sniper_trigger,260,27,1,0,0,,BREAK_RETEST|CLOSE_BREAK|CLOSE_RECLAIM|MICRO_BOS|MICRO_CHOCH|MICRO_HIGHER_LOW|MICRO_LOWER_HIGH|PSYCHOLOGICAL_LEVEL|REJECTION_WICK|RETEST_HOLD|SHALLOW_RETRACEMENT|SWEEP_RECLAIM|TOUCH_CLOSE_HOLD,
research/multitimeframe_structure_sniper/engine.py,candidate_from_context,289,15,1,0,0,,,
research/multitimeframe_structure_sniper/engine.py,assert_completed_alignment,306,7,0,0,0,H1|H4|M15|M5,,
research/multitimeframe_structure_sniper/engine.py,ema,315,8,0,0,0,,,
research/multitimeframe_structure_sniper/engine.py,ema_context,325,8,1,0,3,,,ema
research/multitimeframe_structure_sniper/engine.py,psychological_levels,335,4,0,0,1,,,
research/multitimeframe_structure_sniper/engine.py,candle_patterns,341,13,0,0,2,,,
research/multitimeframe_structure_sniper/engine.py,structural_targets,356,7,0,0,2,,,
research/multitimeframe_structure_sniper/engine.py,pip_size,365,3,0,0,0,,,
research/multitimeframe_structure_sniper/engine.py,fill_cost,370,13,0,0,0,,FILL_COST_UNAVAILABLE,
research/multitimeframe_structure_sniper/engine.py,as_record,385,2,0,0,0,,,
research/multitimeframe_structure_sniper/events.py,event_id,15,3,0,0,1,,,
research/multitimeframe_structure_sniper/events.py,record,36,2,0,0,0,,,
research/multitimeframe_structure_sniper/events.py,_event,40,3,0,0,0,,,
research/multitimeframe_structure_sniper/events.py,_level_events,45,34,0,1,1,H1,LEVEL_BREAK|LEVEL_HOLD|LEVEL_RETEST,confirmed_swings
research/multitimeframe_structure_sniper/events.py,extract_liquidity_events,81,25,0,1,0,,LIQUIDITY_RECLAIM|LIQUIDITY_REFERENCE|LIQUIDITY_SWEEP|SWING_HIGH|SWING_LOW,confirmed_swings
research/multitimeframe_structure_sniper/events.py,extract_compression_events,108,23,0,0,1,,COMPRESSION_BREAK|COMPRESSION_STATE,confirmed_swings
research/multitimeframe_structure_sniper/events.py,extract_events,133,11,0,0,0,,STRUCTURE_LEVEL,
research/multitimeframe_structure_sniper/events.py,dispatch_m5,146,8,1,0,0,,BREAK_RETEST|CLOSE_RECLAIM|MICRO_BOS|MICRO_CHOCH|MICRO_HIGHER_LOW|MICRO_LOWER_HIGH|REJECTION_WICK|SWEEP_RECLAIM|TOUCH_CLOSE_HOLD,
